Timestamp,Predicted_PM2.5
2022-06-04 16:00:00,44.789375
2022-06-04 17:00:00,48.83456
2022-06-04 18:00:00,52.471184
2022-06-04 19:00:00,55.29212
2022-06-04 20:00:00,57.167866
2022-06-04 21:00:00,58.165226
2022-06-04 22:00:00,58.491425
2022-06-04 23:00:00,58.413445
2022-06-05 00:00:00,58.190407
2022-06-05 01:00:00,58.021614
2022-06-05 02:00:00,58.027447
2022-06-05 03:00:00,58.244583
2022-06-05 04:00:00,58.645893
2022-06-05 05:00:00,59.16924
2022-06-05 06:00:00,59.73582
2022-06-05 07:00:00,60.277954
2022-06-05 08:00:00,60.746677
2022-06-05 09:00:00,61.117836
2022-06-05 10:00:00,61.391373
2022-06-05 11:00:00,61.585236
2022-06-05 12:00:00,61.72496
2022-06-05 13:00:00,61.83973
2022-06-05 14:00:00,61.95164
2022-06-05 15:00:00,62.073143
